draw,date,shift,demand_sample,total_cost,coverage_rate,shortfall
0,2025-10-29,evening,51.09353698857649,944.0,1.0,0.0
0,2025-10-29,morning,24.4702732142909,568.0,1.0,0.0
0,2025-10-29,night,6.886092560811921,284.0,1.0,0.0
1,2025-10-29,evening,29.709624404847474,568.0,1.0,0.0
1,2025-10-29,morning,15.284201656322761,284.0,1.0,0.0
1,2025-10-29,night,43.99228947772284,752.0,1.0,0.0
2,2025-10-29,evening,62.989711640804984,1036.0,1.0,0.0
2,2025-10-29,morning,6.658557248822686,284.0,1.0,0.0
2,2025-10-29,night,44.08498713774143,752.0,1.0,0.0
3,2025-10-29,evening,24.07468893449627,568.0,1.0,0.0
3,2025-10-29,morning,17.91113271242893,376.0,1.0,0.0
3,2025-10-29,night,20.023618269693685,376.0,1.0,0.0
4,2025-10-29,evening,26.729304342566277,568.0,1.0,0.0
4,2025-10-29,morning,37.32320383153767,660.0,1.0,0.0
4,2025-10-29,night,57.929656475825155,1036.0,1.0,0.0
5,2025-10-29,evening,65.64049294479818,1128.0,1.0,0.0
5,2025-10-29,morning,40.20038398222083,752.0,1.0,0.0
5,2025-10-29,night,16.504122127186328,376.0,1.0,0.0
6,2025-10-29,evening,29.995796322790756,568.0,1.0,0.0
6,2025-10-29,morning,53.80610939416508,944.0,1.0,0.0
6,2025-10-29,night,4.165607458538976,284.0,1.0,0.0
7,2025-10-29,evening,42.01701838170951,752.0,1.0,0.0
7,2025-10-29,morning,40.26195616150348,752.0,1.0,0.0
7,2025-10-29,night,9.105736597677,284.0,1.0,0.0
8,2025-10-29,evening,76.44177253847282,1320.0,1.0,0.0
8,2025-10-29,morning,38.66571622297754,660.0,1.0,0.0
8,2025-10-29,night,41.872276866504755,752.0,1.0,0.0
9,2025-10-29,evening,36.56662245233653,660.0,1.0,0.0
9,2025-10-29,morning,7.3085235094763314,284.0,1.0,0.0
9,2025-10-29,night,42.6028520437968,752.0,1.0,0.0
10,2025-10-29,evening,68.55604931280216,1128.0,1.0,0.0
10,2025-10-29,morning,57.72088375057524,1036.0,1.0,0.0
10,2025-10-29,night,25.345345066579853,568.0,1.0,0.0
11,2025-10-29,evening,24.12438332245735,568.0,1.0,0.0
11,2025-10-29,morning,22.73436953980886,376.0,1.0,0.0
11,2025-10-29,night,8.315189191620671,284.0,1.0,0.0
12,2025-10-29,evening,75.76457041089488,1320.0,1.0,0.0
12,2025-10-29,morning,7.540208327689793,284.0,1.0,0.0
12,2025-10-29,night,6.185761506634446,284.0,1.0,0.0
13,2025-10-29,evening,81.23844740052137,1412.0,1.0,0.0
13,2025-10-29,morning,25.33274149604134,568.0,1.0,0.0
13,2025-10-29,night,18.285758908199035,376.0,1.0,0.0
14,2025-10-29,evening,55.98794848600316,944.0,1.0,0.0
14,2025-10-29,morning,11.554990939814541,284.0,1.0,0.0
14,2025-10-29,night,11.956326531844445,284.0,1.0,0.0
15,2025-10-29,evening,23.740357947235744,376.0,1.0,0.0
15,2025-10-29,morning,36.43643672249918,660.0,1.0,0.0
15,2025-10-29,night,38.37088717653761,660.0,1.0,0.0
16,2025-10-29,evening,63.74422471071455,1036.0,1.0,0.0
16,2025-10-29,morning,56.74445956711527,1036.0,1.0,0.0
16,2025-10-29,night,40.65742778336793,752.0,1.0,0.0
17,2025-10-29,evening,64.04935943864987,1128.0,1.0,0.0
17,2025-10-29,morning,48.95724380499212,944.0,1.0,0.0
17,2025-10-29,night,52.77761384250577,944.0,1.0,0.0
18,2025-10-29,evening,69.06995401411918,1128.0,1.0,0.0
18,2025-10-29,morning,54.669309059493344,944.0,1.0,0.0
18,2025-10-29,night,47.3632616152423,752.0,1.0,0.0
19,2025-10-29,evening,43.08494456163905,752.0,1.0,0.0
19,2025-10-29,morning,57.048927771360184,1036.0,1.0,0.0
19,2025-10-29,night,44.80347292056828,752.0,1.0,0.0
20,2025-10-29,evening,82.70800354009607,1412.0,1.0,0.0
20,2025-10-29,morning,57.256165790518565,1036.0,1.0,0.0
20,2025-10-29,night,50.63146046358073,944.0,1.0,0.0
21,2025-10-29,evening,82.92956899893689,1412.0,1.0,0.0
21,2025-10-29,morning,59.307806680739205,1036.0,1.0,0.0
21,2025-10-29,night,4.719230598722943,284.0,1.0,0.0
22,2025-10-29,evening,65.90895220900069,1128.0,1.0,0.0
22,2025-10-29,morning,6.719828437888562,284.0,1.0,0.0
22,2025-10-29,night,28.266825124220965,568.0,1.0,0.0
23,2025-10-29,evening,72.55989765411316,1320.0,1.0,0.0
23,2025-10-29,morning,67.48654817476204,1128.0,1.0,0.0
23,2025-10-29,night,39.99027004849941,660.0,1.0,0.0
24,2025-10-29,evening,77.90738366062726,1320.0,1.0,0.0
24,2025-10-29,morning,54.44078576641006,944.0,1.0,0.0
24,2025-10-29,night,56.7348254919573,1036.0,1.0,0.0
25,2025-10-29,evening,85.81427305454976,1412.0,1.0,0.0
25,2025-10-29,morning,42.16949483246265,752.0,1.0,0.0
25,2025-10-29,night,54.076407831147066,944.0,1.0,0.0
26,2025-10-29,evening,83.63838907791758,1412.0,1.0,0.0
26,2025-10-29,morning,27.181099051880675,568.0,1.0,0.0
26,2025-10-29,night,10.012045741370795,284.0,1.0,0.0
27,2025-10-29,evening,62.9066470768729,1036.0,1.0,0.0
27,2025-10-29,morning,27.348991888171366,568.0,1.0,0.0
27,2025-10-29,night,45.744293711000076,752.0,1.0,0.0
28,2025-10-29,evening,40.00428649190215,752.0,1.0,0.0
28,2025-10-29,morning,26.265676349714134,568.0,1.0,0.0
28,2025-10-29,night,33.208019433727024,660.0,1.0,0.0
29,2025-10-29,evening,64.07929927574456,1128.0,1.0,0.0
29,2025-10-29,morning,63.768190430497924,1036.0,1.0,0.0
29,2025-10-29,night,3.779047685699624,200.0,1.0,0.0
30,2025-10-29,evening,59.07212182770395,1036.0,1.0,0.0
30,2025-10-29,morning,11.537963672616465,284.0,1.0,0.0
30,2025-10-29,night,19.975443358100378,376.0,1.0,0.0
31,2025-10-29,evening,74.46489773375876,1320.0,1.0,0.0
31,2025-10-29,morning,69.21092179154614,1128.0,1.0,0.0
31,2025-10-29,night,45.95202523072977,752.0,1.0,0.0
32,2025-10-29,evening,72.16448044456035,1320.0,1.0,0.0
32,2025-10-29,morning,53.494253937976794,944.0,1.0,0.0
32,2025-10-29,night,37.56842076651713,660.0,1.0,0.0
33,2025-10-29,evening,47.684897438112756,752.0,1.0,0.0
33,2025-10-29,morning,41.31967179129995,752.0,1.0,0.0
33,2025-10-29,night,55.98595923799563,944.0,1.0,0.0
34,2025-10-29,evening,38.32252288713801,660.0,1.0,0.0
34,2025-10-29,morning,50.980986726510025,944.0,1.0,0.0
34,2025-10-29,night,36.696064603684036,660.0,1.0,0.0
35,2025-10-29,evening,32.848027268304456,660.0,1.0,0.0
35,2025-10-29,morning,67.54793459572657,1128.0,1.0,0.0
35,2025-10-29,night,56.14659217447071,1036.0,1.0,0.0
36,2025-10-29,evening,80.05500154581533,1412.0,1.0,0.0
36,2025-10-29,morning,24.98768423866118,568.0,1.0,0.0
36,2025-10-29,night,45.98241385228366,752.0,1.0,0.0
37,2025-10-29,evening,53.47651321940543,944.0,1.0,0.0
37,2025-10-29,morning,53.787772352262394,944.0,1.0,0.0
37,2025-10-29,night,55.44747822300033,944.0,1.0,0.0
38,2025-10-29,evening,37.41955193009434,660.0,1.0,0.0
38,2025-10-29,morning,36.832454396718276,660.0,1.0,0.0
38,2025-10-29,night,56.499418810516865,1036.0,1.0,0.0
39,2025-10-29,evening,72.67479257278913,1320.0,1.0,0.0
39,2025-10-29,morning,70.13370434497098,1128.0,1.0,0.0
39,2025-10-29,night,52.37758788804508,944.0,1.0,0.0
40,2025-10-29,evening,47.36393230115749,752.0,1.0,0.0
40,2025-10-29,morning,21.079208521776536,376.0,1.0,0.0
40,2025-10-29,night,7.214528775913388,284.0,1.0,0.0
41,2025-10-29,evening,74.15496067101326,1320.0,1.0,0.0
41,2025-10-29,morning,40.3644414207927,752.0,1.0,0.0
41,2025-10-29,night,26.977466514983902,568.0,1.0,0.0
42,2025-10-29,evening,43.34397281687741,752.0,1.0,0.0
42,2025-10-29,morning,18.727532918259413,376.0,1.0,0.0
42,2025-10-29,night,40.95445224625941,752.0,1.0,0.0
43,2025-10-29,evening,57.43847487100439,1036.0,1.0,0.0
43,2025-10-29,morning,41.63925374321954,752.0,1.0,0.0
43,2025-10-29,night,55.06515261772373,944.0,1.0,0.0
44,2025-10-29,evening,35.71943510996772,660.0,1.0,0.0
44,2025-10-29,morning,66.10860728921219,1128.0,1.0,0.0
44,2025-10-29,night,54.720071039731465,944.0,1.0,0.0
45,2025-10-29,evening,40.93978564776705,752.0,1.0,0.0
45,2025-10-29,morning,68.2409882289118,1128.0,1.0,0.0
45,2025-10-29,night,40.56975677924888,752.0,1.0,0.0
46,2025-10-29,evening,61.37076467829705,1036.0,1.0,0.0
46,2025-10-29,morning,21.320977068866682,376.0,1.0,0.0
46,2025-10-29,night,39.48902434096376,660.0,1.0,0.0
47,2025-10-29,evening,28.973972441992668,568.0,1.0,0.0
47,2025-10-29,morning,17.951964732745516,376.0,1.0,0.0
47,2025-10-29,night,39.3996189779742,660.0,1.0,0.0
48,2025-10-29,evening,40.66749768474284,752.0,1.0,0.0
48,2025-10-29,morning,62.699246555654256,1036.0,1.0,0.0
48,2025-10-29,night,27.41841177089637,568.0,1.0,0.0
49,2025-10-29,evening,66.42314464923459,1128.0,1.0,0.0
49,2025-10-29,morning,30.859995705250075,568.0,1.0,0.0
49,2025-10-29,night,11.746966140709093,284.0,1.0,0.0
50,2025-10-29,evening,81.01299249944182,1412.0,1.0,0.0
50,2025-10-29,morning,44.50795861245933,752.0,1.0,0.0
50,2025-10-29,night,14.466036953994893,284.0,1.0,0.0
51,2025-10-29,evening,74.41590580944828,1320.0,1.0,0.0
51,2025-10-29,morning,62.19396512997419,1036.0,1.0,0.0
51,2025-10-29,night,31.45736085597489,568.0,1.0,0.0
52,2025-10-29,evening,44.97626175282147,752.0,1.0,0.0
52,2025-10-29,morning,19.40409558831557,376.0,1.0,0.0
52,2025-10-29,night,5.634727171690638,284.0,1.0,0.0
53,2025-10-29,evening,69.18560323674075,1128.0,1.0,0.0
53,2025-10-29,morning,30.69509882469086,568.0,1.0,0.0
53,2025-10-29,night,46.29786733867935,752.0,1.0,0.0
54,2025-10-29,evening,43.17459408789229,752.0,1.0,0.0
54,2025-10-29,morning,8.779312677994602,284.0,1.0,0.0
54,2025-10-29,night,34.02476691354752,660.0,1.0,0.0
55,2025-10-29,evening,33.32558399518125,660.0,1.0,0.0
55,2025-10-29,morning,6.016224921626042,284.0,1.0,0.0
55,2025-10-29,night,6.993012592260284,284.0,1.0,0.0
56,2025-10-29,evening,86.62686537009955,1412.0,1.0,0.0
56,2025-10-29,morning,64.32365077423523,1128.0,1.0,0.0
56,2025-10-29,night,54.24723736427899,944.0,1.0,0.0
57,2025-10-29,evening,55.3521758251015,944.0,1.0,0.0
57,2025-10-29,morning,39.51717664067334,660.0,1.0,0.0
57,2025-10-29,night,58.7061823741739,1036.0,1.0,0.0
58,2025-10-29,evening,77.46580365762006,1320.0,1.0,0.0
58,2025-10-29,morning,26.714464674418956,568.0,1.0,0.0
58,2025-10-29,night,55.38004271126726,944.0,1.0,0.0
59,2025-10-29,evening,34.778386365979614,660.0,1.0,0.0
59,2025-10-29,morning,37.19364897433985,660.0,1.0,0.0
59,2025-10-29,night,45.1486632774497,752.0,1.0,0.0
60,2025-10-29,evening,46.8965906048204,752.0,1.0,0.0
60,2025-10-29,morning,18.015547806800956,376.0,1.0,0.0
60,2025-10-29,night,39.03052561552904,660.0,1.0,0.0
61,2025-10-29,evening,38.53019961046276,660.0,1.0,0.0
61,2025-10-29,morning,51.889260993293746,944.0,1.0,0.0
61,2025-10-29,night,59.597972628550096,1036.0,1.0,0.0
62,2025-10-29,evening,77.98859381462651,1320.0,1.0,0.0
62,2025-10-29,morning,59.26726035999849,1036.0,1.0,0.0
62,2025-10-29,night,52.9068025862518,944.0,1.0,0.0
63,2025-10-29,evening,52.64867467810012,944.0,1.0,0.0
63,2025-10-29,morning,46.9319391177477,752.0,1.0,0.0
63,2025-10-29,night,23.52249688594945,376.0,1.0,0.0
64,2025-10-29,evening,21.78167829184353,376.0,1.0,0.0
64,2025-10-29,morning,14.727461192929571,284.0,1.0,0.0
64,2025-10-29,night,47.95651123591945,752.0,1.0,0.0
65,2025-10-29,evening,82.91109020219359,1412.0,1.0,0.0
65,2025-10-29,morning,16.530639565320207,376.0,1.0,0.0
65,2025-10-29,night,34.51392175895728,660.0,1.0,0.0
66,2025-10-29,evening,81.73553301731211,1412.0,1.0,0.0
66,2025-10-29,morning,18.53058590934358,376.0,1.0,0.0
66,2025-10-29,night,8.377933072405732,284.0,1.0,0.0
67,2025-10-29,evening,24.34683107469024,568.0,1.0,0.0
67,2025-10-29,morning,55.59242719717061,944.0,1.0,0.0
67,2025-10-29,night,12.746455783552623,284.0,1.0,0.0
68,2025-10-29,evening,33.45304758602828,660.0,1.0,0.0
68,2025-10-29,morning,68.35477626400761,1128.0,1.0,0.0
68,2025-10-29,night,5.197386865434283,284.0,1.0,0.0
69,2025-10-29,evening,66.42503574872369,1128.0,1.0,0.0
69,2025-10-29,morning,22.975855998895344,376.0,1.0,0.0
69,2025-10-29,night,42.268162485662835,752.0,1.0,0.0
70,2025-10-29,evening,79.46957669334388,1320.0,1.0,0.0
70,2025-10-29,morning,9.320781400184892,284.0,1.0,0.0
70,2025-10-29,night,33.79585085384093,660.0,1.0,0.0
71,2025-10-29,evening,21.436794906174622,376.0,1.0,0.0
71,2025-10-29,morning,65.5814359532162,1128.0,1.0,0.0
71,2025-10-29,night,20.770719500579958,376.0,1.0,0.0
72,2025-10-29,evening,77.98592627041562,1320.0,1.0,0.0
72,2025-10-29,morning,6.224729149438045,284.0,1.0,0.0
72,2025-10-29,night,32.633514700820044,660.0,1.0,0.0
73,2025-10-29,evening,68.00807794703178,1128.0,1.0,0.0
73,2025-10-29,morning,32.076226954613915,660.0,1.0,0.0
73,2025-10-29,night,46.67568819291404,752.0,1.0,0.0
74,2025-10-29,evening,36.0611059975516,660.0,1.0,0.0
74,2025-10-29,morning,41.38000985745069,752.0,1.0,0.0
74,2025-10-29,night,7.556275370035939,284.0,1.0,0.0
75,2025-10-29,evening,78.08319069161104,1320.0,1.0,0.0
75,2025-10-29,morning,51.79654011503244,944.0,1.0,0.0
75,2025-10-29,night,57.188505168597345,1036.0,1.0,0.0
76,2025-10-29,evening,71.44001939820826,1128.0,1.0,0.0
76,2025-10-29,morning,44.917603994009056,752.0,1.0,0.0
76,2025-10-29,night,12.73710179283799,284.0,1.0,0.0
77,2025-10-29,evening,66.64719449094157,1128.0,1.0,0.0
77,2025-10-29,morning,26.487053818755818,568.0,1.0,0.0
77,2025-10-29,night,60.39914834663253,1036.0,1.0,0.0
78,2025-10-29,evening,77.14921358208454,1320.0,1.0,0.0
78,2025-10-29,morning,65.20628498638702,1128.0,1.0,0.0
78,2025-10-29,night,30.0243959128777,568.0,1.0,0.0
79,2025-10-29,evening,54.00678944190979,944.0,1.0,0.0
79,2025-10-29,morning,65.84479409148858,1128.0,1.0,0.0
79,2025-10-29,night,35.35372801309106,660.0,1.0,0.0
80,2025-10-29,evening,84.80035392564272,1412.0,1.0,0.0
80,2025-10-29,morning,62.55712504078814,1036.0,1.0,0.0
80,2025-10-29,night,25.358199409906646,568.0,1.0,0.0
81,2025-10-29,evening,75.01185755145455,1320.0,1.0,0.0
81,2025-10-29,morning,58.38113981579248,1036.0,1.0,0.0
81,2025-10-29,night,61.023939578917336,1036.0,1.0,0.0
82,2025-10-29,evening,49.33523696965457,944.0,1.0,0.0
82,2025-10-29,morning,32.56537876443247,660.0,1.0,0.0
82,2025-10-29,night,27.70015087063976,568.0,1.0,0.0
83,2025-10-29,evening,29.671497399533912,568.0,1.0,0.0
83,2025-10-29,morning,15.934068860446617,284.0,1.0,0.0
83,2025-10-29,night,46.90143998650188,752.0,1.0,0.0
84,2025-10-29,evening,62.573347111153026,1036.0,1.0,0.0
84,2025-10-29,morning,9.0927221865599,284.0,1.0,0.0
84,2025-10-29,night,40.50900847489419,752.0,1.0,0.0
85,2025-10-29,evening,69.8773316759512,1128.0,1.0,0.0
85,2025-10-29,morning,68.23659881185999,1128.0,1.0,0.0
85,2025-10-29,night,51.82639415163818,944.0,1.0,0.0
86,2025-10-29,evening,55.261649838666045,944.0,1.0,0.0
86,2025-10-29,morning,67.54945650511267,1128.0,1.0,0.0
86,2025-10-29,night,8.554631906151137,284.0,1.0,0.0
87,2025-10-29,evening,76.24818686463247,1320.0,1.0,0.0
87,2025-10-29,morning,32.54227997147123,660.0,1.0,0.0
87,2025-10-29,night,27.879416327521085,568.0,1.0,0.0
88,2025-10-29,evening,46.47036946739664,752.0,1.0,0.0
88,2025-10-29,morning,64.21213993392163,1128.0,1.0,0.0
88,2025-10-29,night,5.619976614452985,284.0,1.0,0.0
89,2025-10-29,evening,42.74324645323516,752.0,1.0,0.0
89,2025-10-29,morning,33.167083693174646,660.0,1.0,0.0
89,2025-10-29,night,37.47777226023111,660.0,1.0,0.0
90,2025-10-29,evening,50.52978862648918,944.0,1.0,0.0
90,2025-10-29,morning,49.29589905161447,944.0,1.0,0.0
90,2025-10-29,night,61.031003821754595,1036.0,1.0,0.0
91,2025-10-29,evening,70.08832495772121,1128.0,1.0,0.0
91,2025-10-29,morning,36.753431910743686,660.0,1.0,0.0
91,2025-10-29,night,37.98173238180488,660.0,1.0,0.0
92,2025-10-29,evening,64.41084588750874,1128.0,1.0,0.0
92,2025-10-29,morning,65.86042495215642,1128.0,1.0,0.0
92,2025-10-29,night,6.756885315673409,284.0,1.0,0.0
93,2025-10-29,evening,35.55777561736082,660.0,1.0,0.0
93,2025-10-29,morning,8.997987966896735,284.0,1.0,0.0
93,2025-10-29,night,51.77803457633915,944.0,1.0,0.0
94,2025-10-29,evening,77.56538986186366,1320.0,1.0,0.0
94,2025-10-29,morning,6.8299920117723545,284.0,1.0,0.0
94,2025-10-29,night,39.24406170761157,660.0,1.0,0.0
95,2025-10-29,evening,35.84193688900152,660.0,1.0,0.0
95,2025-10-29,morning,23.166373895615774,376.0,1.0,0.0
95,2025-10-29,night,31.628433317358628,568.0,1.0,0.0
96,2025-10-29,evening,82.87709947472476,1412.0,1.0,0.0
96,2025-10-29,morning,43.93611284485657,752.0,1.0,0.0
96,2025-10-29,night,36.84476686592609,660.0,1.0,0.0
97,2025-10-29,evening,42.26838702591216,752.0,1.0,0.0
97,2025-10-29,morning,61.412254931139955,1036.0,1.0,0.0
97,2025-10-29,night,43.05245514105466,752.0,1.0,0.0
98,2025-10-29,evening,76.85773454457583,1320.0,1.0,0.0
98,2025-10-29,morning,38.490027210979875,660.0,1.0,0.0
98,2025-10-29,night,32.85461914277757,660.0,1.0,0.0
99,2025-10-29,evening,22.451210574900006,376.0,1.0,0.0
99,2025-10-29,morning,42.2933228183354,752.0,1.0,0.0
99,2025-10-29,night,53.16969539936108,944.0,1.0,0.0
100,2025-10-29,evening,36.208780568463304,660.0,1.0,0.0
100,2025-10-29,morning,13.143631482719716,284.0,1.0,0.0
100,2025-10-29,night,49.01943271003753,944.0,1.0,0.0
101,2025-10-29,evening,66.67049721308587,1128.0,1.0,0.0
101,2025-10-29,morning,40.29441447824196,752.0,1.0,0.0
101,2025-10-29,night,45.72993128270121,752.0,1.0,0.0
102,2025-10-29,evening,42.657893522011555,752.0,1.0,0.0
102,2025-10-29,morning,34.825197809957146,660.0,1.0,0.0
102,2025-10-29,night,10.673387252246929,284.0,1.0,0.0
103,2025-10-29,evening,49.24152468484748,944.0,1.0,0.0
103,2025-10-29,morning,17.396181890309613,376.0,1.0,0.0
103,2025-10-29,night,60.47379298214705,1036.0,1.0,0.0
104,2025-10-29,evening,77.23155222830427,1320.0,1.0,0.0
104,2025-10-29,morning,17.86863801237176,376.0,1.0,0.0
104,2025-10-29,night,23.09853099765234,376.0,1.0,0.0
105,2025-10-29,evening,82.84455487872754,1412.0,1.0,0.0
105,2025-10-29,morning,43.40863048125523,752.0,1.0,0.0
105,2025-10-29,night,33.90327386704102,660.0,1.0,0.0
106,2025-10-29,evening,67.2128702458705,1128.0,1.0,0.0
106,2025-10-29,morning,55.96310485144505,944.0,1.0,0.0
106,2025-10-29,night,51.59145231661682,944.0,1.0,0.0
107,2025-10-29,evening,73.30523740337712,1320.0,1.0,0.0
107,2025-10-29,morning,20.73884653158467,376.0,1.0,0.0
107,2025-10-29,night,49.128806161174424,944.0,1.0,0.0
108,2025-10-29,evening,63.707734389396535,1036.0,1.0,0.0
108,2025-10-29,morning,44.82712460683268,752.0,1.0,0.0
108,2025-10-29,night,24.484145647847754,568.0,1.0,0.0
109,2025-10-29,evening,69.478804671343,1128.0,1.0,0.0
109,2025-10-29,morning,48.58689136029231,944.0,1.0,0.0
109,2025-10-29,night,36.7377061549899,660.0,1.0,0.0
110,2025-10-29,evening,51.40650366999149,944.0,1.0,0.0
110,2025-10-29,morning,13.491745394452906,284.0,1.0,0.0
110,2025-10-29,night,12.989768159281766,284.0,1.0,0.0
111,2025-10-29,evening,73.4025289799984,1320.0,1.0,0.0
111,2025-10-29,morning,15.114663576329452,284.0,1.0,0.0
111,2025-10-29,night,34.874409590336064,660.0,1.0,0.0
112,2025-10-29,evening,86.66275667948932,1412.0,1.0,0.0
112,2025-10-29,morning,42.70044834241871,752.0,1.0,0.0
112,2025-10-29,night,25.91827582400638,568.0,1.0,0.0
113,2025-10-29,evening,30.30619208536441,568.0,1.0,0.0
113,2025-10-29,morning,63.88172454026588,1036.0,1.0,0.0
113,2025-10-29,night,34.13480830195113,660.0,1.0,0.0
114,2025-10-29,evening,62.07850177933015,1036.0,1.0,0.0
114,2025-10-29,morning,59.92396584523418,1036.0,1.0,0.0
114,2025-10-29,night,20.37502521579681,376.0,1.0,0.0
115,2025-10-29,evening,72.4863131840602,1320.0,1.0,0.0
115,2025-10-29,morning,31.420138685517983,568.0,1.0,0.0
115,2025-10-29,night,42.8154605144591,752.0,1.0,0.0
116,2025-10-29,evening,77.44565117724679,1320.0,1.0,0.0
116,2025-10-29,morning,31.061375932920562,568.0,1.0,0.0
116,2025-10-29,night,7.949913448598987,284.0,1.0,0.0
117,2025-10-29,evening,37.06169889061376,660.0,1.0,0.0
117,2025-10-29,morning,61.95285958989561,1036.0,1.0,0.0
117,2025-10-29,night,59.941558924660164,1036.0,1.0,0.0
118,2025-10-29,evening,83.13462336561098,1412.0,1.0,0.0
118,2025-10-29,morning,10.206642556090321,284.0,1.0,0.0
118,2025-10-29,night,45.12306675218242,752.0,1.0,0.0
119,2025-10-29,evening,30.590348515554446,568.0,1.0,0.0
119,2025-10-29,morning,21.133366812682965,376.0,1.0,0.0
119,2025-10-29,night,12.650397455861324,284.0,1.0,0.0
120,2025-10-29,evening,74.13432848455629,1320.0,1.0,0.0
120,2025-10-29,morning,39.5342561324121,660.0,1.0,0.0
120,2025-10-29,night,36.11248854847582,660.0,1.0,0.0
121,2025-10-29,evening,74.65783593752256,1320.0,1.0,0.0
121,2025-10-29,morning,48.29601237319305,944.0,1.0,0.0
121,2025-10-29,night,6.997869437068445,284.0,1.0,0.0
122,2025-10-29,evening,63.11521129535386,1036.0,1.0,0.0
122,2025-10-29,morning,41.990372603222994,752.0,1.0,0.0
122,2025-10-29,night,10.903212465287616,284.0,1.0,0.0
123,2025-10-29,evening,41.695657643760555,752.0,1.0,0.0
123,2025-10-29,morning,37.7918948100641,660.0,1.0,0.0
123,2025-10-29,night,61.29271665107782,1036.0,1.0,0.0
124,2025-10-29,evening,21.991106508223464,376.0,1.0,0.0
124,2025-10-29,morning,31.670220114492537,568.0,1.0,0.0
124,2025-10-29,night,28.850384721611285,568.0,1.0,0.0
125,2025-10-29,evening,84.6371250437314,1412.0,1.0,0.0
125,2025-10-29,morning,20.961962083773347,376.0,1.0,0.0
125,2025-10-29,night,42.61815982995488,752.0,1.0,0.0
126,2025-10-29,evening,33.12572357269506,660.0,1.0,0.0
126,2025-10-29,morning,33.43379962398704,660.0,1.0,0.0
126,2025-10-29,night,34.01508190590559,660.0,1.0,0.0
127,2025-10-29,evening,21.820757348405404,376.0,1.0,0.0
127,2025-10-29,morning,39.00518601616328,660.0,1.0,0.0
127,2025-10-29,night,19.750191285385586,376.0,1.0,0.0
128,2025-10-29,evening,74.03643637628623,1320.0,1.0,0.0
128,2025-10-29,morning,44.113212788286816,752.0,1.0,0.0
128,2025-10-29,night,33.3019640128326,660.0,1.0,0.0
129,2025-10-29,evening,79.54248739580714,1320.0,1.0,0.0
129,2025-10-29,morning,49.02677498749901,944.0,1.0,0.0
129,2025-10-29,night,29.82588564078717,568.0,1.0,0.0
130,2025-10-29,evening,86.5063788598796,1412.0,1.0,0.0
130,2025-10-29,morning,11.811948468697423,284.0,1.0,0.0
130,2025-10-29,night,45.90965938587477,752.0,1.0,0.0
131,2025-10-29,evening,42.89358503430219,752.0,1.0,0.0
131,2025-10-29,morning,70.62382077160716,1128.0,1.0,0.0
131,2025-10-29,night,39.25966841914665,660.0,1.0,0.0
132,2025-10-29,evening,80.50382437732144,1412.0,1.0,0.0
132,2025-10-29,morning,15.261620626029671,284.0,1.0,0.0
132,2025-10-29,night,17.033995908047388,376.0,1.0,0.0
133,2025-10-29,evening,85.02972877193766,1412.0,1.0,0.0
133,2025-10-29,morning,41.257737647785774,752.0,1.0,0.0
133,2025-10-29,night,51.37755103951791,944.0,1.0,0.0
134,2025-10-29,evening,51.477771064938835,944.0,1.0,0.0
134,2025-10-29,morning,45.9820416358272,752.0,1.0,0.0
134,2025-10-29,night,18.280404834645523,376.0,1.0,0.0
135,2025-10-29,evening,44.33635657725369,752.0,1.0,0.0
135,2025-10-29,morning,18.741990486921186,376.0,1.0,0.0
135,2025-10-29,night,23.313527956187585,376.0,1.0,0.0
136,2025-10-29,evening,51.460955418898784,944.0,1.0,0.0
136,2025-10-29,morning,30.92230232806277,568.0,1.0,0.0
136,2025-10-29,night,55.83208234332097,944.0,1.0,0.0
137,2025-10-29,evening,79.01106686208591,1320.0,1.0,0.0
137,2025-10-29,morning,25.64748930682606,568.0,1.0,0.0
137,2025-10-29,night,51.39462402070158,944.0,1.0,0.0
138,2025-10-29,evening,44.889281103886574,752.0,1.0,0.0
138,2025-10-29,morning,47.77441153842912,752.0,1.0,0.0
138,2025-10-29,night,55.80118744549576,944.0,1.0,0.0
139,2025-10-29,evening,71.56350171732942,1128.0,1.0,0.0
139,2025-10-29,morning,50.95391791987035,944.0,1.0,0.0
139,2025-10-29,night,26.754827977228807,568.0,1.0,0.0
140,2025-10-29,evening,55.40620002205689,944.0,1.0,0.0
140,2025-10-29,morning,18.068279887925044,376.0,1.0,0.0
140,2025-10-29,night,54.61475381547947,944.0,1.0,0.0
141,2025-10-29,evening,80.35311030151624,1412.0,1.0,0.0
141,2025-10-29,morning,39.180339622854845,660.0,1.0,0.0
141,2025-10-29,night,6.009152002137363,284.0,1.0,0.0
142,2025-10-29,evening,40.168411142586535,752.0,1.0,0.0
142,2025-10-29,morning,19.314814002348655,376.0,1.0,0.0
142,2025-10-29,night,10.183441470782839,284.0,1.0,0.0
143,2025-10-29,evening,61.80278214793391,1036.0,1.0,0.0
143,2025-10-29,morning,40.187787203440365,752.0,1.0,0.0
143,2025-10-29,night,56.907333461730744,1036.0,1.0,0.0
144,2025-10-29,evening,31.562437862965993,568.0,1.0,0.0
144,2025-10-29,morning,29.03145480767849,568.0,1.0,0.0
144,2025-10-29,night,4.263376319531227,284.0,1.0,0.0
145,2025-10-29,evening,61.67200513778086,1036.0,1.0,0.0
145,2025-10-29,morning,17.96906909611337,376.0,1.0,0.0
145,2025-10-29,night,27.34012820235904,568.0,1.0,0.0
146,2025-10-29,evening,38.39034825221701,660.0,1.0,0.0
146,2025-10-29,morning,59.34719445754325,1036.0,1.0,0.0
146,2025-10-29,night,49.03612706078697,944.0,1.0,0.0
147,2025-10-29,evening,74.69338942134289,1320.0,1.0,0.0
147,2025-10-29,morning,70.65218866547256,1128.0,1.0,0.0
147,2025-10-29,night,13.36317590980693,284.0,1.0,0.0
148,2025-10-29,evening,64.44475287785255,1128.0,1.0,0.0
148,2025-10-29,morning,50.164534847066236,944.0,1.0,0.0
148,2025-10-29,night,30.738240410022193,568.0,1.0,0.0
149,2025-10-29,evening,67.83674712688163,1128.0,1.0,0.0
149,2025-10-29,morning,35.40061246795362,660.0,1.0,0.0
149,2025-10-29,night,25.78023447391952,568.0,1.0,0.0
150,2025-10-29,evening,55.89906248683724,944.0,1.0,0.0
150,2025-10-29,morning,30.07136331194192,568.0,1.0,0.0
150,2025-10-29,night,48.22885870638273,944.0,1.0,0.0
151,2025-10-29,evening,58.70653199648774,1036.0,1.0,0.0
151,2025-10-29,morning,64.82546615408312,1128.0,1.0,0.0
151,2025-10-29,night,25.676444093467467,568.0,1.0,0.0
152,2025-10-29,evening,50.3010225266751,944.0,1.0,0.0
152,2025-10-29,morning,11.504523374059882,284.0,1.0,0.0
152,2025-10-29,night,10.812255543833691,284.0,1.0,0.0
153,2025-10-29,evening,66.10913003934768,1128.0,1.0,0.0
153,2025-10-29,morning,42.368030348635614,752.0,1.0,0.0
153,2025-10-29,night,21.287528263283498,376.0,1.0,0.0
154,2025-10-29,evening,29.434961315429597,568.0,1.0,0.0
154,2025-10-29,morning,62.08621439671718,1036.0,1.0,0.0
154,2025-10-29,night,45.28538695879222,752.0,1.0,0.0
155,2025-10-29,evening,35.5236370345545,660.0,1.0,0.0
155,2025-10-29,morning,32.33818713003744,660.0,1.0,0.0
155,2025-10-29,night,22.54301038109574,376.0,1.0,0.0
156,2025-10-29,evening,62.74608898703802,1036.0,1.0,0.0
156,2025-10-29,morning,45.02117169986886,752.0,1.0,0.0
156,2025-10-29,night,31.49419662143451,568.0,1.0,0.0
157,2025-10-29,evening,81.21451235836973,1412.0,1.0,0.0
157,2025-10-29,morning,46.07473306638171,752.0,1.0,0.0
157,2025-10-29,night,24.79855277011317,568.0,1.0,0.0
158,2025-10-29,evening,63.61382442943366,1036.0,1.0,0.0
158,2025-10-29,morning,44.01483998894186,752.0,1.0,0.0
158,2025-10-29,night,4.121037101603159,284.0,1.0,0.0
159,2025-10-29,evening,28.355755495555552,568.0,1.0,0.0
159,2025-10-29,morning,27.10618935618291,568.0,1.0,0.0
159,2025-10-29,night,3.880793009744163,200.0,1.0,0.0
160,2025-10-29,evening,81.87390792724365,1412.0,1.0,0.0
160,2025-10-29,morning,47.65308868589091,752.0,1.0,0.0
160,2025-10-29,night,51.021336761281,944.0,1.0,0.0
161,2025-10-29,evening,52.93046080071547,944.0,1.0,0.0
161,2025-10-29,morning,42.382968696363704,752.0,1.0,0.0
161,2025-10-29,night,35.33581928429647,660.0,1.0,0.0
162,2025-10-29,evening,61.41675325718076,1036.0,1.0,0.0
162,2025-10-29,morning,21.368153039232233,376.0,1.0,0.0
162,2025-10-29,night,20.990151506142794,376.0,1.0,0.0
163,2025-10-29,evening,55.593376130444014,944.0,1.0,0.0
163,2025-10-29,morning,57.37995618567207,1036.0,1.0,0.0
163,2025-10-29,night,26.796790522611197,568.0,1.0,0.0
164,2025-10-29,evening,52.20893231052111,944.0,1.0,0.0
164,2025-10-29,morning,26.70153653947481,568.0,1.0,0.0
164,2025-10-29,night,13.151674861998186,284.0,1.0,0.0
165,2025-10-29,evening,25.770996921390307,568.0,1.0,0.0
165,2025-10-29,morning,20.899289866907196,376.0,1.0,0.0
165,2025-10-29,night,22.876789722969924,376.0,1.0,0.0
166,2025-10-29,evening,59.408124068123826,1036.0,1.0,0.0
166,2025-10-29,morning,36.292659398510644,660.0,1.0,0.0
166,2025-10-29,night,54.60320060974095,944.0,1.0,0.0
167,2025-10-29,evening,42.65586638717487,752.0,1.0,0.0
167,2025-10-29,morning,45.999622277376204,752.0,1.0,0.0
167,2025-10-29,night,7.465172651425446,284.0,1.0,0.0
168,2025-10-29,evening,76.889301829898,1320.0,1.0,0.0
168,2025-10-29,morning,13.530994812912507,284.0,1.0,0.0
168,2025-10-29,night,11.71217608908577,284.0,1.0,0.0
169,2025-10-29,evening,37.78505499575569,660.0,1.0,0.0
169,2025-10-29,morning,49.55574285921608,944.0,1.0,0.0
169,2025-10-29,night,51.465150753681755,944.0,1.0,0.0
170,2025-10-29,evening,61.90598840528149,1036.0,1.0,0.0
170,2025-10-29,morning,36.29744531379991,660.0,1.0,0.0
170,2025-10-29,night,37.15727790000746,660.0,1.0,0.0
171,2025-10-29,evening,24.77375487046968,568.0,1.0,0.0
171,2025-10-29,morning,6.677280932652078,284.0,1.0,0.0
171,2025-10-29,night,26.42812712318011,568.0,1.0,0.0
172,2025-10-29,evening,26.253066790916204,568.0,1.0,0.0
172,2025-10-29,morning,9.776230418511018,284.0,1.0,0.0
172,2025-10-29,night,9.889711247743605,284.0,1.0,0.0
173,2025-10-29,evening,21.667188738340467,376.0,1.0,0.0
173,2025-10-29,morning,37.6940275190008,660.0,1.0,0.0
173,2025-10-29,night,55.228413604430955,944.0,1.0,0.0
174,2025-10-29,evening,37.97563261190709,660.0,1.0,0.0
174,2025-10-29,morning,23.734023716871288,376.0,1.0,0.0
174,2025-10-29,night,18.3456461400404,376.0,1.0,0.0
175,2025-10-29,evening,41.07482161791785,752.0,1.0,0.0
175,2025-10-29,morning,36.522563343157174,660.0,1.0,0.0
175,2025-10-29,night,3.9264904382773222,200.0,1.0,0.0
176,2025-10-29,evening,78.14216524674653,1320.0,1.0,0.0
176,2025-10-29,morning,41.00624496636733,752.0,1.0,0.0
176,2025-10-29,night,41.22061250107854,752.0,1.0,0.0
177,2025-10-29,evening,63.47232391031979,1036.0,1.0,0.0
177,2025-10-29,morning,54.37255487314317,944.0,1.0,0.0
177,2025-10-29,night,6.214856498549404,284.0,1.0,0.0
178,2025-10-29,evening,72.12958092626809,1320.0,1.0,0.0
178,2025-10-29,morning,42.15489937112224,752.0,1.0,0.0
178,2025-10-29,night,56.692057486949594,1036.0,1.0,0.0
179,2025-10-29,evening,50.45181372985782,944.0,1.0,0.0
179,2025-10-29,morning,37.59487339404369,660.0,1.0,0.0
179,2025-10-29,night,31.169418392000104,568.0,1.0,0.0
180,2025-10-29,evening,68.1312520652123,1128.0,1.0,0.0
180,2025-10-29,morning,64.04462826620437,1128.0,1.0,0.0
180,2025-10-29,night,9.97882557443247,284.0,1.0,0.0
181,2025-10-29,evening,32.37237896273972,660.0,1.0,0.0
181,2025-10-29,morning,62.256085595388925,1036.0,1.0,0.0
181,2025-10-29,night,22.41379200382687,376.0,1.0,0.0
182,2025-10-29,evening,30.25507951768089,568.0,1.0,0.0
182,2025-10-29,morning,66.28996703874837,1128.0,1.0,0.0
182,2025-10-29,night,32.78798801676121,660.0,1.0,0.0
183,2025-10-29,evening,85.57463567458055,1412.0,1.0,0.0
183,2025-10-29,morning,63.87401869711543,1036.0,1.0,0.0
183,2025-10-29,night,13.130240434678234,284.0,1.0,0.0
184,2025-10-29,evening,39.12715297291885,660.0,1.0,0.0
184,2025-10-29,morning,47.660178040147244,752.0,1.0,0.0
184,2025-10-29,night,20.215054140034994,376.0,1.0,0.0
185,2025-10-29,evening,76.43420536516517,1320.0,1.0,0.0
185,2025-10-29,morning,20.752259919297934,376.0,1.0,0.0
185,2025-10-29,night,40.4560810432142,752.0,1.0,0.0
186,2025-10-29,evening,38.127008430434856,660.0,1.0,0.0
186,2025-10-29,morning,50.82182178294349,944.0,1.0,0.0
186,2025-10-29,night,43.81049269195236,752.0,1.0,0.0
187,2025-10-29,evening,25.135445916827404,568.0,1.0,0.0
187,2025-10-29,morning,56.58557641422267,1036.0,1.0,0.0
187,2025-10-29,night,8.413023710540283,284.0,1.0,0.0
188,2025-10-29,evening,69.43605530142447,1128.0,1.0,0.0
188,2025-10-29,morning,59.87388443759775,1036.0,1.0,0.0
188,2025-10-29,night,28.453872450416085,568.0,1.0,0.0
189,2025-10-29,evening,44.362954600490596,752.0,1.0,0.0
189,2025-10-29,morning,6.881742993435395,284.0,1.0,0.0
189,2025-10-29,night,28.577031456336826,568.0,1.0,0.0
190,2025-10-29,evening,75.55964526833581,1320.0,1.0,0.0
190,2025-10-29,morning,58.15660174357518,1036.0,1.0,0.0
190,2025-10-29,night,30.806806763828575,568.0,1.0,0.0
191,2025-10-29,evening,31.162681572716515,568.0,1.0,0.0
191,2025-10-29,morning,52.85310808209525,944.0,1.0,0.0
191,2025-10-29,night,29.06884975846817,568.0,1.0,0.0
192,2025-10-29,evening,74.6496431972564,1320.0,1.0,0.0
192,2025-10-29,morning,48.961462819668256,944.0,1.0,0.0
192,2025-10-29,night,41.895978263745256,752.0,1.0,0.0
193,2025-10-29,evening,43.930237158148834,752.0,1.0,0.0
193,2025-10-29,morning,7.796759240481714,284.0,1.0,0.0
193,2025-10-29,night,27.37908697839365,568.0,1.0,0.0
194,2025-10-29,evening,26.679910586713067,568.0,1.0,0.0
194,2025-10-29,morning,18.335967635916262,376.0,1.0,0.0
194,2025-10-29,night,36.33822145908173,660.0,1.0,0.0
195,2025-10-29,evening,35.80824098148834,660.0,1.0,0.0
195,2025-10-29,morning,32.90377106602889,660.0,1.0,0.0
195,2025-10-29,night,31.08839018683863,568.0,1.0,0.0
196,2025-10-29,evening,65.09778861801938,1128.0,1.0,0.0
196,2025-10-29,morning,14.891784317397123,284.0,1.0,0.0
196,2025-10-29,night,12.58770552573473,284.0,1.0,0.0
197,2025-10-29,evening,78.09494411932351,1320.0,1.0,0.0
197,2025-10-29,morning,15.26512629149656,284.0,1.0,0.0
197,2025-10-29,night,17.954375215550066,376.0,1.0,0.0
198,2025-10-29,evening,73.56963745307603,1320.0,1.0,0.0
198,2025-10-29,morning,13.624749759630758,284.0,1.0,0.0
198,2025-10-29,night,54.16568119517654,944.0,1.0,0.0
199,2025-10-29,evening,85.86323363366222,1412.0,1.0,0.0
199,2025-10-29,morning,43.84272365777974,752.0,1.0,0.0
199,2025-10-29,night,52.14007495695937,944.0,1.0,0.0
